Name,Trade interdependence
Q1 2021,0.145631527
Q2 2021,0.130667664
Q3 2021,0.131903184
Q4 2021,0.135848392
Q1 2022,0.14318964
Q2 2022,0.128287253
Q3 2022,0.123072676
Q4 2022,0.116146765
Q1 2023,0.118636504
Q2 2023,0.116299766